Source Station,Source Zone
AADR,NR
ABH,CR
ABKP,SECR
ABR,NWR
ABS,NR
ACOI,NCR
ADB,SCR
ADH,WR
ADI,WR
ADIJ,WR
ADRA,SER
AF,NCR
AGC,NCR
AGTL,NR
AH,NCR
AII,NWR
AIT,NCR
AJJ,SR
AJM,WR
AJNI,CR
AK,CR
AKV,WR
ALD,NCR
ALJN,NCR
ALLP,SR
ALY,NER
AMBG,ER
AMH,NER
AMI,CR
AMLA,CR
AMZ,SER
ANGL,ECoR
ANND,WR
ANVT,NR
APDJ,NR
APH,NWR
APR,SECR
ARA,ECR
ARJ,NER
ASK,SWR
ASN,ER
ASO,CR
ASR,NR
ATT,NR
AVD,SR
AVP,SECR
AWB,SCR
AWR,NWR
AY,NR
AZ,ER
BAHL,NR
BAKA,ER
BAM,ECoR
BAND,SWR
BARA,WCR
BARI,NCR
BAY,SWR
BBDB,ER
BBK,NR
BBM,ER
BBN,SER
BBS,ECoR
BBU,ECR
BC,NER
BCK,SER
BCT,WR
BCY,NFR
BD,CR
BDB,NCR
BDC,ER
BDCR,SCR
BDGM,NR
BDHN,SCR
BDME,ER
BDTS,WR
BE,NR
BEAS,NR
BEPR,CR
BG,NFR
BGB,ER
BGK,SWR
BGKT,NWR
BGM,SWR
BGNA,ER
BGP,ER
BGTN,NR
BGY,SER
BH,WR
BHBR,NER
BHC,ECoR
BHJ,NER
BHL,NWR
BHNG,NFR
BHP,ER
BHRB,NR
BHUJ,WR
BHW,ECR
BIDR,SCR
BINA,WCR
BIR,WCR
BIRL,ECR
BIX,NCR
BJE,ECR
BJM,SR
BJP,SWR
BJPL,NR
BJU,ECR
BKI,NWR
BKN,NWR
BKP,ECR
BKSC,SER
BL,WR
BLD,WR
BLDA,SER
BLDI,WR
BLGR,ECoR
BLGT,NFR
BLM,NR
BLN,ER
BLP,NR
BLS,SER
BLY,ER
BME,NWR
BMO,SCR
BMPR,SER
BNC,SWR
BNDP,NFR
BNJ,ER
BNVD,WR
BNW,NWR
BNY,NER
BNZ,NER
BOE,NFR
BOR,WR
BP,ER
BPB,NR
BPL,WCR
BPO,SER
BPQ,SER
BQA,ER
BRC,WR
BRK,NER
BRKA,ECR
BRMH,ER
BRML,NR
BRMP,SER
BRMT,CR
BRP,ER
BRPA,ER
BRWD,ECR
BSB,NFR
BSC,NR
BSL,CR
BSP,SECR
BSR,WR
BST,NER
BT,ER
BTD,WR
BTDF,WR
BTE,WCR
BTH,ECR
BTI,NR
BTT,NER
BTTR,SCR
BTU,NR
BUD,CR
BUI,NER
BUW,NER
BVC,WR
BVH,NR
BVI,WR
BVRM,SCR
BVRT,SCR
BWN,ER
BWT,SWR
BXF,SER
BXN,WCR
BXR,ECR
BXT,NFR
BXY,CR
BYNR,KR
BYPL,SWR
BZA,SCR
BZN,SER
BZU,CR
CAF,SECR
CAN,SR
CAPE,SR
CAR,NCR
CBE,SR
CBSA,SER
CBY,WR
CCG,WR
CCT,SCR
CDAE,ER
CDG,NR
CG,SECR
CGL,SR
CH,NR
CHD,SECR
CHRM,SECR
CHT,ER
CHV,ER
CI,NER
CJ,SR
CKP,SER
CKTD,NCR
CKU,SER
CLA,CR
CLR,SWR
CLT,SR
CMBR,CR
CMGR,SWR
CMNR,SWR
CNB,NCR
COA,SCR
COR,WR
CPA,NCR
CPJ,NER
CPR,NER
CPT,SWR
CPU,ECR
CRP,ECR
CSMT,CR
CSN,CR
CSTM,CR
CTA,SWR
CTC,ECoR
CTD,WR
CTO,SCR
CUPJ,SR
CUR,NWR
CWA,SECR
DAB,SCR
DADN,WR
DAL,NER
DASF,WR
DBB,NR
DBG,ECR
DBNK,NR
DBRG,NR
DBRT,NFR
DD,CR
DDA,NER
DDC,ER
DDCL,CR
DDG,ECR
DDJ,ER
DDN,NR
DDR,WR
DEE,NR
DG,SR
DGFJ,WR
DGG,SECR
DGHA,SER
DGHR,ER
DGR,ER
DH,ER
DHD,WR
DHG,WR
DHH,NFR
DHI,CR
DHL,SWR
DHN,SWR
DHNE,SCR
DHOA,NCR
DI,CR
DIT,NER
DIVA,CR
DJ,NR
DK,WR
DKAE,ER
DKDE,NCR
DKGN,NFR
DKJ,SCR
DLCR,NR
DLI,NR
DLJ,WR
DLN,ECR
DMH,ECR
DMM,SCR
DMO,WCR
DMR,NFR
DMV,NFR
DNGI,NFR
DNR,NFR
DNRE,NFR
DOS,ECR
DPJ,SWR
DR,CR
DRD,WR
DRZ,SECR
DSJ,NR
DTK,ER
DTR,SECR
DUI,NR
DUMK,ER
DURG,SECR
DVA,WR
DVL,CR
DWR,SWR
ED,SR
EDN,SR
ENR,SR
ERS,SR
ET,WCR
ETAH,NCR
ETW,NCR
FBD,NR
FD,NR
FKA,NR
FKG,NFR
FL,NWR
FM,SCR
FN,NR
FPS,NWR
FTP,NCR
FUT,ECR
FZR,NR
G,SER
GAD,SER
GAYA,ER
GBA,SER
GBG,ER
GC,CR
GCT,NER
GD,NER
GDA,WR
GDG,SWR
GDR,SCR
GDV,SCR
GEDE,ER
GG,WR
GHD,WR
GHH,NR
GHY,NR
GIMB,WR
GJL,NR
GKP,NER
GMMG,SER
GMO,ECR
GNC,WR
GNPR,ECoR
GNT,SCR
GPD,SR
GR,CR
GRAE,ER
GRD,ER
GTL,SCR
GTS,SER
GUA,SER
GUDM,SECR
GUNA,WCR
GUV,SR
GWD,SCR
GWL,NCR
GWO,NCR
GZB,NR
HAPA,WR
HAS,SWR
HB,ER
HBJ,WCR
HBN,NR
HDB,NFR
HIJ,SER
HJP,ER
HLZ,SER
HMBD,SCR
HMH,NWR
HNB,ER
HPL,ER
HPT,SWR
HRF,NCR
HRR,SWR
HRS,NCR
HSDA,ER
HSR,NWR
HSRA,SWR
HSX,NR
HTE,NR
HUP,SWR
HW,NR
HWH,ER
HX,SCR
HYB,SCR
HZD,SWR
IAA,NER
IDH,NCR
IGP,CR
INDB,WR
IPR,ECR
ITR,SECR
ITRN,SECR
J,SCR
JAB,NCR
JAJ,ECR
JAM,WR
JAT,NR
JBN,NFR
JBP,WCR
JDB,ECoR
JDNX,NR
JEA,NER
JGM,SER
JHL,NR
JHS,NCR
JIND,NR
JJJ,NR
JJKR,ECoR
JKAR,ECR
JLRF,WR
JLWC,WCR
JMKR,NR
JMP,ER
JND,WR
JNRD,ECoR
JNU,NR
JP,NWR
JRBM,NR
JRLE,ER
JRU,SWR
JSG,SER
JSM,NWR
JSME,ER
JTJ,SR
JTTN,NFR
JU,NWR
JUC,NR
JYG,ECR
KAP,NER
KAWR,KR
KBPR,SWR
KBT,SR
KCG,SCR
KCVL,SR
KDJR,ECoR
KDRI,SECR
KDS,ECR
KEMK,NR
KGE,SECR
KGG,ECR
KGK,ER
KGM,NER
KGN,NFR
KGP,SER
KGQ,SR
KIG,SER
KIK,SR
KIR,NFR
KIUL,ECR
KJM,SWR
KJT,CR
KJV,WR
KKDE,NR
KKDI,SR
KKP,NR
KLK,NR
KLYM,ER
KMU,SR
KMZ,WCR
KNE,NR
KNF,SER
KNH,NCR
KNJ,ER
KNLS,WR
KNW,CR
KOAA,ER
KODR,WR
KOP,CR
KOTA,WCR
KPD,SR
KPLH,SCR
KPN,SWR
KPV,NER
KQR,ECR
KQZ,SWR
KRBA,SECR
KRDL,ECoR
KRJ,NCR
KRMI,KR
KRMR,SCR
KRNT,SCR
KRPU,ECoR
KRR,SR
KSJ,NER
KSRA,CR
KSV,NCR
KTE,WCR
KTNA,WR
KTW,NR
KTYM,SR
KUR,ECoR
KURJ,NCR
KWAE,ER
KWAR,ECR
KWDP,ER
KWV,CR
KYJ,SR
KYN,CR
KYQ,NR
KZJ,SCR
LAD,SER
LD,SWR
LDH,NR
LEDO,NFR
LGH,NWR
LGL,ER
LJN,NER
LJR,ECoR
LKO,NR
LKPR,ER
LKU,NER
LLI,SR
LMG,NR
LNK,NR
LNL,CR
LPI,SCR
LPJL,SCR
LTT,CR
MABD,SCR
MAJN,SR
MALB,WR
MAO,SWR
MAQ,SR
MAS,SR
MAU,NER
MB,NR
MBA,NCR
MBF,NWR
MBNR,SCR
MBO,NR
MCA,SER
MCLA,SCR
MDGR,SECR
MDJN,NWR
MDN,SER
MDP,ER
MDS,WR
MDSA,WR
MDU,SR
MEC,NWR
MED,SCR
MEJ,SR
MFP,ECR
MGS,ECR
MGT,ER
MGZ,NER
MHV,WR
MJ,NWR
MJT,ER
MJZ,NER
MKA,ECR
MKC,WR
MKM,SWR
MKN,SWR
MKP,NCR
MLDT,ER
MLFC,NFR
MLMR,SR
MLN,NER
MMCC,SR
MMG,ER
MML,WCR
MMR,CR
MNDP,NFR
MNKD,CR
MNM,SR
MOB,SCR
MOGA,NR
MOW,NR
MQ,SR
MRGA,SCR
MRJ,CR
MRK,SCR
MS,SR
MSAE,ER
MSB,SR
MSH,WR
MSSN,NFR
MTC,NR
MTD,NWR
MTDM,SR
MTJ,NCR
MTM,SCR
MTP,SR
MUGR,SCR
MUR,NER
MURI,SER
MUT,NR
MUV,NER
MV,SR
MVI,WR
MVJ,NWR
MXN,NR
MYM,ER
MYS,SWR
MZL,SCR
MZS,NFR
NABN,SECR
NACC,ER
NAD,WR
NAVI,CR
NBD,NR
NBQ,NR
NCB,NFR
NCJ,SR
NCR,SR
ND,WR
NDAE,ER
NDD,SCR
NDKD,SCR
NDL,SCR
NDLS,NR
NDT,NWR
NED,SCR
NEU,CR
NGP,CR
NGT,SR
NH,ER
NHLN,NR
NHT,ER
NIL,SR
NILE,ER
NIR,SECR
NJP,NR
NKE,ECR
NLDM,NR
NLP,NFR
NLR,SCR
NMH,WR
NMKA,ER
NOQ,NFR
NPR,NER
NRKR,CR
NRO,NR
NRW,NR
NS,SCR
NSL,SCR
NTSK,NFR
NTV,NER
NTW,SWR
NYGT,ECoR
NZB,SCR
NZM,NR
OGL,SCR
OKHA,WR
OMLF,NFR
ONR,SR
PAU,SCR
PBC,NWR
PBE,NER
PBH,NWR
PBN,SCR
PBR,WR
PDA,ER
PDI,CR
PDMI,SCR
PDPL,SCR
PDY,SR
PEP,NER
PERN,KR
PGRL,SCR
PGT,SR
PGTN,SR
PHD,NCR
PIT,WR
PKU,SER
PLJE,ECR
PLNI,SR
PNBE,ECR
PND,SECR
PNK,NCR
PNP,NR
PNU,WR
PNVL,CR
PON,SR
POY,SR
PPGT,ER
PPTA,ECR
PRDP,ECoR
PRES,SR
PRG,NR
PRLI,SCR
PRNA,NR
PRNC,ECR
PRR,SER
PRTN,WR
PSA,ECoR
PTA,NR
PTG,ECR
PTK,NR
PTMS,SR
PTN,WR
PTPL,ER
PUHT,NWR
PUNE,CR
PURI,ECoR
PUU,SR
PV,SR
PVR,CR
PWL,NR
QDN,NR
QLM,SWR
QLN,SR
R,SECR
RAJ,WR
RAL,SCR
RBHT,ECR
RBL,NR
RC,SCR
RDG,SWR
RDP,NFR
RE,NWR
REWA,WCR
RGD,ECR
RGDA,ECoR
RHA,ER
RIG,SECR
RIM,SECR
RJL,ER
RJPB,ECR
RJT,WR
RJU,WR
RJY,SCR
RKSH,NR
RMGM,SWR
RMM,SR
RMR,NER
RN,KR
RNC,SER
RNY,NR
ROHA,CR
ROK,NR
ROP,SER
ROU,SER
ROZA,NR
RPAN,NFR
RPH,ER
RPR,ECR
RQJ,NFR
RRB,SWR
RRS,NR
RTGH,NWR
RTK,SECR
RTM,WR
RU,SCR
RUJ,WR
RVD,SCR
RVJ,CR
RXL,ECR
SA,SWR
SALR,ER
SBB,NR
SBC,SWR
SBG,ER
SBHR,SWR
SBL,NCR
SBP,ECoR
SC,SCR
SCC,NER
SCL,NR
SCT,SR
SDAH,ER
SDL,SECR
SDLP,NWR
SEE,ECR
SGG,ER
SGL,ECR
SGNR,NWR
SGRL,ECR
SGUJ,NFR
SHC,ECR
SHE,ER
SHG,NR
SHM,SER
SHTS,NR
SHTT,NFR
SIKR,NWR
SIU,ER
SJN,WR
SKB,NCR
SKTN,ECR
SKZR,SCR
SLGR,NFR
SLI,CR
SLN,NR
SMET,SWR
SMI,ECR
SML,NR
SMNH,WR
SMQL,NR
SNDT,ECR
SNP,NR
SNSI,CR
SNT,ER
SOE,NCR
SOG,NWR
SONA,SER
SPC,NR
SPE,SR
SPJ,ECR
SPN,NR
SPR,ER
SPS,ER
SQB,NFR
SRC,SER
SRDR,NWR
SRE,NR
SRMT,NCR
SRP,ER
SRR,SR
SRU,NER
SRUR,SCR
SSA,NWR
SSB,NR
SSM,ECR
SSPN,SWR
ST,WR
STA,WCR
STB,ER
STM,SR
STR,CR
SUNR,WR
SUR,CR
SURI,ER
SV,NER
SVDK,NR
SVJR,CR
SWD,WR
SWM,WCR
SWV,KR
SZE,ECR
SZP,NER
TAK,ER
TATA,SER
TBM,SR
TCN,SR
TCR,SR
TDL,NCR
TDU,SCR
TEL,SCR
TEN,SR
TETA,NFR
TGN,CR
THE,NER
TI,SR
TIA,ECR
TIG,ECoR
TIL,ECR
TJ,SR
TK,SWR
TKJ,NR
TKNR,ER
TLA,CR
TLGP,SWR
TLHR,ECoR
TMLP,SR
TMR,SECR
TN,SR
TNA,CR
TNPR,NFR
TORI,ECR
TPH,ER
TPJ,SR
TPO,NCR
TPTY,SCR
TQN,SCR
TRDI,SECR
TRG,ECR
TRL,SR
TRT,SR
TSK,NFR
TTO,NR
TUNI,SCR
TVC,SR
TVR,SR
UAM,SR
UBL,SWR
UBR,WR
UCR,NR
UDL,ER
UDN,WR
UDPU,NR
UDZ,NWR
UHL,NR
UHP,NR
UJN,WR
ULB,SER
UMB,NR
UMNF,WR
UR,SCR
URK,SECR
VAA,SER
VAPI,WR
VBL,ECoR
VDLR,CR
VG,WR
VJF,WR
VKA,NR
VKB,SCR
VLCY,SR
VLNK,SR
VLR,SR
VM,SR
VPT,SR
VR,WR
VRI,SR
VRL,WR
VRLF,WR
VSG,SWR
VSH,CR
VSKP,SCoR
VSU,ER
VTL,WR
VVH,CR
VZM,ECoR
VZR,SER
WADI,CR
WFD,SWR
WKR,WR
WL,SCR
WR,CR
WRI,SECR
WSA,SECR
YPR,SWR
ZN,SCR
